Temp_FH,Vol_HW,SOC_B,T_FH_plus,T_FH_minus,V_HW_plus,V_HW_minus,profits,COP_FH,COP_HW,Peer,PV_DE,B_DE,GR_DE,PV_B,PV_GR,PV_HP,GR_HP,B_HP,HP_FH,HP_HW,PV_PM,B_PM,PM_DE,PM_B,PM_HP,month,day,hour
22.0,180.0,13.5,-0.0,0.0,-0.0,0.0,0.22003498538494662,3.1222857142857143,2.0508571428571427,1.0,0.0,0.0,0.0,0.0,0.0,0.0,0.0,1.2255108442769478,1.2255108442769476,0.0,0.0,1.708288844276948,0.241389,0.0,0.0,1.0,1.0,0.0
22.0,179.3287702467055,10.411384691089442,0.0,0.0,0.0,0.0,0.22211693426182666,3.111642857142857,2.0402142857142858,1.0,0.0,0.22141999999999998,0.0,0.0,0.0,0.0,0.0,0.0,1.25935950290462,0.0,0.0,2.7401390058092403,0.0,0.0,1.25935950290462,1.0,1.0,1.0
22.0,178.6575404934109,7.293641705637817,0.0,0.0,0.0,0.0,0.16656071021561705,3.0990714285714285,2.027642857142857,1.0,0.0,0.206539,0.0,0.0,0.0,0.0,0.0,1.983056261669022,1.983056261669022,0.0,0.0,1.1104046906472622,0.0,0.0,0.0,1.0,1.0,2.0
22.0,177.98631074011638,3.8197386118306187,0.0,0.0,0.0,0.0,0.05091627593047586,3.0868571428571427,2.015428571428571,1.0,0.0,0.0,0.0,0.0,0.0,0.0,0.0,0.13873582604829937,0.13873582604829937,0.0,0.0,0.5401478260482994,0.200706,0.0,0.0,1.0,1.0,3.0
21.687747801072884,177.31508098682184,3.1050096234905586,0.0,0.0,0.0,0.0,0.03156900125443936,3.075214285714286,2.0037857142857143,1.0,0.0,0.21046,0.0,0.0,0.0,0.0,0.0,0.0,0.0,0.08733468828399302,0.0,0.297794688283993,0.0,0.0,0.08733468828399302,1.0,1.0,4.0
21.493041800804665,180.0,2.5699115190351574,0.0,0.0,0.0,0.0,0.03587025142535567,3.069928571428571,1.9985,1.0,0.0,0.0,0.0,0.0,0.0,0.0,0.0,0.0,0.0,0.0,0.0,0.47827,0.239135,0.0,0.0,1.0,1.0,5.0
21.480120500536444,179.32877024670546,2.0663922984238834,0.0,0.0,0.0,0.0,0.051640952052026984,3.067428571428571,1.996,1.0,0.0,0.344273,0.0,0.0,0.0,0.0,0.0,0.0,0.0,0.0,0.0,0.344273,0.0,0.0,0.0,1.0,1.0,6.0
20.740060250268222,178.65754049341095,1.3415450175782613,0.0,0.0,0.0,0.0,0.05907525234743952,3.071642857142857,2.0002142857142857,1.0,0.09335344364828863,0.30048155635171137,0.0,0.0,0.0,0.036811556351711405,0.0,0.0,0.0,0.036811556351711405,0.393835,0.0,0.0,0.0,0.0,1.0,1.0,7.0
20.0,179.39840555024605,1.0252083848100462,0.0,0.0,0.0,0.0,0.26866964217453415,3.126571428571429,2.055142857142857,1.0,0.405839,0.0,0.0,0.2877382466858376,5.551115123125783e-17,1.3852918766570814,0.0,0.0,1.3852918766570814,0.0,1.7911308766570813,0.0,0.0,0.0,0.0,1.0,1.0,8.0
20.0,154.84733359347686,1.2985289594807172,0.0,0.0,0.0,0.0,0.2955637533422121,3.219642857142857,2.148214285714286,1.0,0.41128400000000004,0.0,0.0,0.0,3.885780586188048e-16,0.967774420965809,0.0,0.0,0.967774420965809,0.0,5.03994157903419,0.0,0.0,3.0695166350504293,0.0,1.0,1.0,9.0
20.0,89.83324735485638,4.214530770319335,0.0,0.0,0.0,0.0,0.17212182956948666,3.327357142857143,2.2559285714285715,1.0,0.0,0.0,0.0,3.299999952316284,0.0,2.9324792294838495,0.0,0.0,2.9324792294838495,0.0,1.5465208181998662,0.0,0.399042,0.0,0.0,1.0,1.0,10.0
21.178012506307272,20.0,7.349404249760825,0.0,0.0,0.0,0.0,0.5119017203411458,3.434071428571429,2.3626428571428573,1.0,0.0,0.0,0.0,0.0,0.0,1.1876440476837153,0.0,0.0,0.0,1.1876440476837153,7.1253559523162835,0.0,0.412678,3.299999952316284,0.0,1.0,1.0,11.0
20.892414156039052,73.14181024793596,10.484183683000307,0.0,0.0,0.0,0.0,0.43243487038102035,3.5240714285714287,2.452642857142857,1.0,0.427354,0.0,0.0,1.9990388002595836,2.220446049250313e-16,2.708708178423061,0.0,0.0,2.708708178423061,0.0,2.882899021317354,0.0,0.0,0.0,0.0,1.0,1.0,12.0
21.766505120758602,65.89191524458917,12.382955993913967,0.0,0.0,0.0,0.0,0.5185348706047237,3.5874285714285716,2.516,1.0,0.0,0.0,0.0,0.0,0.0,2.456999314133097,0.0,0.0,0.0,2.456999314133097,4.4250006858669035,0.0,0.456899,0.5112026858669036,0.0,1.0,1.0,13.0
21.39001427049038,179.99999999999997,12.868227050723082,0.0,0.0,0.0,0.0,0.32699806629714595,3.619857142857143,2.5484285714285715,1.0,0.458434,0.0,0.0,0.0,0.0,2.151578977977262,0.0,0.0,2.151578977977262,0.0,2.1799870220227384,0.0,0.0,0.0,0.0,1.0,1.0,14.0
22.0,127.76407616445873,12.867841003921313,0.0,0.0,0.0,0.0,0.34503017575860073,3.6158571428571427,2.544428571428571,1.0,0.491737,0.0,0.0,0.0,1.1102230246251565e-16,1.071263,0.0,0.0,0.0,2.071061871994058,0.0,3.299999952316284,0.0,0.0,0.999798871994058,1.0,1.0,15.0
21.80529399973178,180.0,9.39377068413939,0.0,0.0,0.0,0.0,0.1889364722389737,3.5808571428571425,2.509428571428572,1.0,0.0,0.5345880000000001,0.0,0.0,0.0,0.0,0.0,0.216633781227546,0.0,0.216633781227546,0.0,1.2595764315420874,0.0,0.0,0.0,1.0,1.0,16.0
21.610587999463558,179.99999999999997,7.276859097677162,0.0,0.0,0.0,0.0,-0.06314426015152752,3.564285714285714,2.492857142857143,1.0,0.0,0.705264,0.0,0.0,0.0,0.0,0.5631128588080005,0.0,2.4525848111242845,0.0,0.0,2.594735952316284,0.0,0.0,1.889471952316284,1.0,1.0,17.0
22.0,170.71606789490818,3.80295650734819,0.0,0.0,0.0,0.0,0.16505865311327725,3.545857142857143,2.4744285714285716,1.0,0.0,0.67091,0.0,0.0,0.0,0.0,0.0,0.2097829803178899,0.0,0.20978298031788986,0.0,1.1003909770295728,0.0,0.0,0.0,1.0,1.0,18.0
21.98707869973178,180.0,1.7174908100279087,0.0,0.0,0.0,0.0,0.12117388900593916,3.5267857142857144,2.455357142857143,1.0,0.0,0.557523,0.0,0.0,0.0,0.0,0.0,0.0,0.0,0.2503028946061429,0.0,1.058128789212287,0.0,0.0,0.2503028946061429,1.0,1.0,19.0
21.79237269946356,180.0,0.016753130575964503,0.0,0.0,0.0,0.0,-0.4687482281119447,3.510642857142857,2.439214285714286,1.0,0.0,0.015914996013792315,0.45326100398620767,0.0,0.0,0.0,1.1092330276323403,0.0,1.1092330276323403,0.0,0.0,0.0,0.0,0.0,0.0,1.0,1.0,20.0
22.0,135.0985652914957,0.0,0.0,0.0,0.0,0.0,-0.562865958822145,3.491285714285714,2.4198571428571425,1.0,0.0,0.0,0.40841,0.0,0.0,0.0,1.467809788186207,0.0,0.0,1.467809788186207,0.0,0.0,0.0,0.0,0.0,1.0,1.0,21.0
21.623509149731778,180.0,0.0,0.0,0.0,0.0,0.0,-0.5413694406401979,3.4620714285714285,2.390642857142857,1.0,0.0,0.0,0.354601,0.0,0.0,0.0,1.449963730427033,0.0,1.449963730427033,0.0,0.0,0.0,0.0,0.0,0.0,1.0,1.0,22.0
22.0,179.32877024670546,0.0,0.0,0.0,0.0,0.0,-0.4083086659490992,3.4310714285714288,2.359642857142857,1.0,0.0,0.0,0.27628400000000003,0.0,0.0,0.0,1.0847448324145708,0.0,1.0847448324145708,0.0,0.0,0.0,0.0,0.0,0.0,1.0,1.0,23.0
22.0,180.0,0.0,-0.0,0.0,-0.0,0.0,-0.2200349853849466,3.1222857142857143,2.0508571428571427,2.0,0.0,0.0,0.0,0.0,0.0,0.0,0.0,0.0,1.2255108442769476,0.0,0.0,0.0,0.24138900000000008,0.0,1.2255108442769478,1.0,1.0,0.0
22.0,179.3287702467055,0.0,0.0,0.0,0.0,0.0,-0.22211693426182666,3.111642857142857,2.0402142857142858,2.0,0.0,0.0,0.0,0.0,0.0,0.0,0.0,0.0,1.25935950290462,0.0,0.0,0.0,0.22142000000000017,0.0,1.25935950290462,1.0,1.0,1.0
22.0,178.6575404934109,0.0,0.0,0.0,0.0,0.0,-0.49031789438709905,3.0990714285714285,2.027642857142857,2.0,0.0,0.0,0.0,0.0,0.0,0.0,1.0791905710217597,0.0,1.983056261669022,0.0,0.0,0.0,0.20653900000000003,0.0,0.9038656906472622,1.0,1.0,2.0
22.0,177.98631074011638,0.0,0.0,0.0,0.0,0.0,-0.05091627593047585,3.0868571428571427,2.015428571428571,2.0,0.0,0.0,0.0,0.0,0.0,0.0,0.0,0.0,0.13873582604829937,0.0,0.0,0.0,0.200706,0.0,0.13873582604829937,1.0,1.0,3.0
21.687747801072884,177.31508098682176,0.0,0.0,0.0,0.0,0.0,-0.03156900125443936,3.075214285714286,2.0037857142857143,2.0,0.0,0.0,0.0,0.0,0.0,0.0,0.0,0.0,0.0,0.0,0.0,0.0,0.21046,0.0,0.0,1.0,1.0,4.0
21.493041800804665,176.64385123352724,0.0,0.0,0.0,0.0,0.0,-0.03587025142535567,3.069928571428571,1.9985,2.0,0.0,0.0,0.0,0.0,0.0,0.0,0.0,0.0,0.0,0.0,0.0,0.0,0.239135,0.0,0.0,1.0,1.0,5.0
21.480120500536444,175.9726214802327,0.0,0.0,0.0,0.0,0.0,-0.051640952052026984,3.067428571428571,1.996,2.0,0.0,0.0,0.0,0.0,0.0,0.0,0.0,0.0,0.0,0.0,0.0,0.0,0.344273,0.0,0.0,1.0,1.0,6.0
20.740060250268222,175.3013917269382,0.0,0.0,0.0,0.0,0.0,-0.05907525234743952,3.071642857142857,2.0002142857142857,2.0,0.0,0.0,0.0,0.0,0.0,0.0,0.0,0.0,0.0,0.0,0.0,0.0,0.393835,0.0,0.0,1.0,1.0,7.0
20.0,174.63016197364368,0.0,0.0,0.0,0.0,0.0,-0.26866964217453415,3.126571428571429,2.055142857142857,2.0,0.0,0.0,0.0,0.0,0.0,0.0,0.0,0.0,1.3852918766570814,0.0,0.0,0.0,0.40583900000000006,0.0,1.3852918766570812,1.0,1.0,8.0
20.0,150.0790900168745,0.0,0.0,0.0,0.0,0.0,-0.2955637533422121,3.219642857142857,2.148214285714286,2.0,0.0,0.0,0.0,0.0,0.0,0.0,0.0,0.0,1.5591409439837611,0.0,0.0,0.0,0.41128400000000004,0.0,1.5591409439837611,1.0,1.0,9.0
20.285598350268224,85.06500377825401,0.0,0.0,0.0,0.0,0.0,-0.17212182956948663,3.327357142857143,2.2559285714285715,2.0,0.0,0.0,0.0,0.0,0.0,0.0,0.0,0.0,0.0,0.7484368181998661,0.0,0.0,0.399042,0.0,0.7484368181998661,1.0,1.0,10.0
20.0,47.61226318433377,0.0,0.0,0.0,0.0,0.0,-0.5119017203411459,3.434071428571429,2.3626428571428573,2.0,0.0,0.0,0.0,0.0,0.0,0.0,0.0,0.0,3.0,0.0,0.0,0.0,0.41267799999999966,0.0,3.0,1.0,1.0,11.0
21.25973379258892,46.941033431039244,0.0,0.0,0.0,0.0,0.0,-0.43243487038102035,3.5240714285714287,2.452642857142857,2.0,0.0,0.0,0.0,0.0,0.0,0.0,0.0,0.0,2.455545021317354,0.0,0.0,0.0,0.42735400000000023,0.0,2.455545021317354,1.0,1.0,12.0
21.999999999999996,39.691138427692465,0.0,0.0,0.0,0.0,0.0,-0.5185348706047237,3.5874285714285716,2.516,2.0,0.0,0.0,0.0,0.0,0.0,0.0,0.0,0.0,0.0,3.0,0.0,0.0,0.45689899999999994,0.0,3.0,1.0,1.0,13.0
21.623509149731774,180.0,0.0,0.0,0.0,0.0,0.0,-0.326998066297146,3.619857142857143,2.5484285714285715,2.0,0.0,0.0,0.0,0.0,0.0,0.0,0.0,0.0,1.7215530220227384,0.0,0.0,0.0,0.458434,0.0,1.7215530220227384,1.0,1.0,14.0
22.0,127.76407616445871,0.0,0.0,0.0,0.0,0.0,-0.4238095163905595,3.6158571428571427,2.544428571428571,2.0,0.0,0.0,0.2625977916718306,0.0,0.0,0.0,0.0,0.0,0.0,2.071061871994057,0.0,0.0,0.22913920832816936,0.0,2.071061871994057,1.0,1.0,15.0
21.80529399973178,179.99999999999991,0.0,0.0,0.0,0.0,0.0,-0.1889364722389737,3.5808571428571425,2.509428571428572,2.0,0.0,0.0,0.0,0.0,0.0,0.0,0.0,0.0,0.7249884315420875,0.0,0.0,0.0,0.534588,0.0,0.7249884315420875,1.0,1.0,16.0
22.0,169.5743252674081,0.0,0.0,0.0,0.0,0.0,-0.6230573323234068,3.564285714285714,2.492857142857143,2.0,0.0,0.0,0.0,0.0,0.0,0.0,1.724225691884446,0.0,1.724225691884446,0.0,0.0,0.0,0.7052640000000001,0.0,0.0,1.0,1.0,17.0
22.0,160.29039316231632,0.0,0.0,0.0,0.0,0.0,-0.16505865311327725,3.545857142857143,2.4744285714285716,2.0,0.0,0.0,0.0,0.0,0.0,0.0,0.0,0.0,0.0,0.42948097702957266,0.0,0.0,0.6709100000000001,0.0,0.42948097702957266,1.0,1.0,18.0
21.98707869973178,179.99999999999994,0.0,0.0,0.0,0.0,0.0,-0.12117388900593917,3.5267857142857144,2.455357142857143,2.0,0.0,0.0,0.0,0.0,0.0,0.0,0.0,0.0,0.0,0.2503028946061441,0.0,0.0,0.557523,0.0,0.2503028946061441,1.0,1.0,19.0
21.79237269946356,180.0,0.0,0.0,0.0,0.0,0.0,-0.4735227271058041,3.510642857142857,2.439214285714286,2.0,0.0,0.0,0.469176,0.0,0.0,0.0,1.1092330276323408,0.0,1.1092330276323408,0.0,0.0,0.0,0.0,0.0,0.0,1.0,1.0,20.0
22.0,135.0985652914957,0.0,0.0,0.0,0.0,0.0,-0.562865958822145,3.491285714285714,2.4198571428571425,2.0,0.0,0.0,0.40841,0.0,0.0,0.0,1.467809788186207,0.0,0.0,1.467809788186207,0.0,0.0,0.0,0.0,0.0,1.0,1.0,21.0
21.623509149731778,180.0,0.0,0.0,0.0,0.0,0.0,-0.5413694406401979,3.4620714285714285,2.390642857142857,2.0,0.0,0.0,0.354601,0.0,0.0,0.0,1.449963730427033,0.0,1.449963730427033,0.0,0.0,0.0,0.0,0.0,0.0,1.0,1.0,22.0
22.0,179.32877024670546,0.0,0.0,0.0,0.0,0.0,-0.4083086659490992,3.4310714285714288,2.359642857142857,2.0,0.0,0.0,0.27628400000000003,0.0,0.0,0.0,1.0847448324145708,0.0,1.0847448324145708,0.0,0.0,0.0,0.0,0.0,0.0,1.0,1.0,23.0
22.0,178.6575469970703,0.0,-0.0,0.0,0.0,0.0,-0.29388191771794847,3.4,2.3285714285714283,1.0,0.0,0.0,0.241389,0.0,0.0,0.0,0.7382173534671025,0.0,0.7382173534671029,0.0,0.0,0.0,0.0,-0.0,0.0,1.0,2.0,0.0
22.0,177.9863172437758,0.0,0.0,0.0,0.0,0.0,-0.3971229928161539,3.376357142857143,2.3049285714285714,1.0,0.0,0.0,0.22141999999999998,0.0,0.0,0.0,1.1023232567863486,0.0,1.1023232567863486,0.0,0.0,0.0,0.0,-0.0,0.0,1.0,2.0,1.0
22.0,177.31508749048126,0.0,0.0,0.0,0.0,0.0,-0.06196170246213675,3.3708571428571426,2.2994285714285714,1.0,0.0,0.0,0.206539,0.0,0.0,0.0,0.0,0.0,0.0,0.0,0.0,4.007904925270384e-16,0.0,4.440892098500626e-16,0.0,1.0,2.0,2.0
21.44172444973178,176.64385773718675,0.0,0.0,0.0,0.0,0.0,-0.7226568601820978,3.371,2.2995714285714284,1.0,0.0,0.0,0.200706,0.0,0.0,0.0,2.2081501048876513,0.0,2.2081501048876513,0.0,0.0,4.007904925270384e-16,0.0,4.440892098500626e-16,0.0,1.0,2.0,3.0
22.0,175.9726279838922,0.0,0.0,0.0,0.0,0.0,-0.09516908798628382,3.3660714285714284,2.2946428571428568,1.0,0.0,0.0,0.21046,0.0,0.0,0.0,0.1067702806820139,0.0,0.0,0.1067702806820139,0.0,0.0,0.0,0.0,0.0,1.0,2.0,4.0
21.44172444973178,180.0,0.0,0.0,0.0,0.0,0.0,-0.37415465281413307,3.363142857142857,2.291714285714286,1.0,0.0,0.0,0.239135,0.0,0.0,0.0,1.008047126488545,0.0,0.0,1.008047126488545,0.0,0.0,0.0,0.0,0.0,1.0,2.0,5.0
20.88444249946356,123.36071312020235,0.0,0.0,0.0,0.0,0.0,-0.10328190410405397,3.3550714285714287,2.283642857142857,1.0,0.0,0.0,0.344273,0.0,0.0,0.0,0.0,0.0,0.0,0.0,0.0,0.0,0.0,0.0,0.0,1.0,2.0,6.0
20.87152119919534,38.18123587107425,0.0,0.0,0.0,0.0,0.0,-0.16126615408836859,3.3562142857142856,2.2847857142857144,1.0,0.0,0.0,0.393835,0.0,0.0,0.34299999999999997,0.14371882560075872,0.0,0.4867188256007587,0.0,0.0,0.0,0.0,0.0,0.0,1.0,2.0,7.0
20.55827555026822,20.000000000000004,0.0,0.0,0.0,0.0,0.0,0.1882990391776861,3.411785714285714,2.3403571428571426,1.0,0.405839,0.0,0.0,0.0,0.0,1.492834122030968,0.0,0.0,0.0,1.492834122030968,1.255326877969032,0.0,0.0,0.0,0.0,1.0,2.0,8.0
20.0,40.495751124252976,0.0,0.0,0.0,0.0,0.0,0.22142157356092956,3.495142857142857,2.4237142857142855,1.0,0.41128400000000004,0.0,0.0,0.0,3.885780586188048e-16,1.0648597650828477,0.0,0.0,1.0648597650828477,0.0,4.507856234917152,0.0,0.0,3.031712469834304,0.0,1.0,2.0,9.0
20.0,39.82452137095845,2.88012681020176,0.0,0.0,0.0,0.0,0.5098563202598692,3.613285714285714,2.5418571428571433,1.0,0.399042,0.0,0.0,1.4729036133777433,0.0,2.1180123866222567,0.0,0.0,2.1180123866222567,0.0,3.399042,0.0,0.0,0.0,0.0,1.0,2.0,10.0
20.771456734621136,39.153291617663925,4.279298821550114,0.0,0.0,0.0,0.0,0.5758864728836716,3.6976428571428572,2.6262142857142856,1.0,0.8392430000000001,0.0,0.0,0.0,0.0,2.778514000000001,0.0,0.0,2.778514000000001,0.0,3.839243,0.0,0.0,0.0,0.0,1.0,2.0,11.0
21.93605875118863,20.0,4.27917044258871,0.0,0.0,0.0,0.0,0.3275469130155445,3.730785714285714,2.659357142857143,1.0,0.427354,0.0,0.0,0.0,2.220446049250313e-16,3.0,0.0,0.0,0.0,3.0,2.1836460000000004,0.0,0.0,0.0,0.0,1.0,2.0,12.0
21.286890850920408,153.32246123499402,4.2790420674786755,0.0,0.0,0.0,0.0,0.4218572144878606,3.750928571428571,2.6795,1.0,0.410142,0.0,0.0,0.0,4.440892098500626e-16,0.0,0.0,0.0,1.9354766818349214,0.0,4.747857999999999,0.0,0.0,0.0,1.9354766818349214,1.0,2.0,13.0
21.817590518436443,152.6512314816995,4.278913696219894,0.0,0.0,0.0,0.0,0.2604990612478213,3.757,2.685571428571429,1.0,0.423449,0.0,0.0,0.0,3.885780586188048e-16,1.636890660689873,0.0,0.0,1.636890660689873,0.0,1.7366603393101265,0.0,0.0,0.0,0.0,1.0,2.0,14.0
22.0,151.98000172840497,4.27878532881225,0.0,0.0,0.0,0.0,0.21378493658001263,3.7151428571428573,2.6437142857142857,1.0,0.0,0.42343100000000006,0.0,0.0,0.0,0.0,0.0,0.9610347077995045,1.0018018538997522,0.0,1.466,0.0,0.0,0.0,0.040767146100247675,1.0,2.0,15.0
22.0,142.95081090260038,2.821324589137885,0.0,0.0,0.0,0.0,0.07982310317188501,3.657928571428571,2.5865,1.0,0.006999999999999999,0.525154,0.0,0.0,0.0,0.0,0.0,0.0,0.0,0.0,0.0,0.532154,0.0,0.0,0.0,1.0,2.0,16.0
21.35083209973178,142.27958114930584,1.708284120126264,0.0,0.0,0.0,0.0,0.10578960420370102,3.6557142857142857,2.584285714285714,1.0,0.0,0.705264,0.0,0.0,0.0,0.0,0.0,0.0,0.0,0.0,0.0,0.705264,0.0,0.0,0.0,1.0,2.0,17.0
20.610771849463557,133.56454502469853,0.2234665027150997,0.0,0.0,0.0,0.0,-0.13758696510955137,3.667642857142857,2.596214285714286,1.0,0.0,0.2122868011922106,0.45862319880778935,0.0,0.0,0.0,0.0,0.0,0.0,0.0,0.0,0.0,0.0,0.0,0.0,1.0,2.0,18.0
20.234280999195338,132.89331527140402,0.0,0.0,0.0,0.0,0.0,-0.24471626913824152,3.6718571428571427,2.6004285714285715,1.0,0.0,0.0,0.557523,0.0,0.0,0.0,0.2581978647136368,0.0,0.2581978647136368,0.0,0.0,0.0,0.0,0.0,0.0,1.0,2.0,19.0
20.0,122.25209907695044,0.0,0.0,0.0,0.0,0.0,-1.0407528413558007,3.677,2.6055714285714284,1.0,0.0,0.0,0.469176,0.0,0.0,0.0,3.0,0.0,3.0,0.0,0.0,0.0,0.0,0.0,0.0,1.0,2.0,20.0
21.45994399973178,121.58086932365592,0.0,0.0,0.0,0.0,0.0,-0.12252300486862659,3.6752857142857143,2.6038571428571426,1.0,0.0,0.0,0.40841,0.0,0.0,0.0,0.0,0.0,0.0,0.0,0.0,0.0,0.0,0.0,0.0,1.0,2.0,21.0
21.44702269946356,120.90963957036139,0.0,0.0,0.0,0.0,0.0,-0.5131642011360997,3.6760714285714284,2.6046428571428573,1.0,0.0,0.0,0.354601,0.0,0.0,0.0,1.3559462691492907,0.0,1.3559462691492907,0.0,0.0,0.0,0.0,0.0,0.0,1.0,2.0,22.0
22.0,120.23840981706688,0.0,0.0,0.0,0.0,0.0,-0.08992541387707421,3.670714285714286,2.599285714285714,1.0,0.0,0.0,0.27628400000000003,0.0,0.0,0.0,0.02346736767919816,0.0,0.02346736767919816,0.0,0.0,0.0,0.0,0.0,0.0,1.0,2.0,23.0
22.0,178.6575469970703,0.0,-0.0,0.0,0.0,0.0,-0.29388191771794847,3.4,2.3285714285714283,2.0,0.0,0.0,0.241389,0.0,0.0,0.0,0.7382173534671025,0.0,0.7382173534671029,0.0,0.0,0.0,0.0,0.0,0.0,1.0,2.0,0.0
22.0,177.9863172437758,0.0,0.0,0.0,0.0,0.0,-0.3971229928161539,3.376357142857143,2.3049285714285714,2.0,0.0,0.0,0.22141999999999998,0.0,0.0,0.0,1.1023232567863486,0.0,1.1023232567863486,0.0,0.0,0.0,0.0,0.0,0.0,1.0,2.0,1.0
22.0,177.31508749048126,0.0,0.0,0.0,0.0,0.0,-0.061961702462136746,3.3708571428571426,2.2994285714285714,2.0,0.0,0.0,0.206539,0.0,0.0,0.0,0.0,0.0,0.0,0.0,0.0,0.0,0.0,0.0,0.0,1.0,2.0,2.0
21.44172444973178,176.64385773718675,0.0,0.0,0.0,0.0,0.0,-0.5368095380970298,3.371,2.2995714285714284,2.0,0.0,0.0,0.200706,0.0,0.0,0.0,1.5886590558871203,0.0,1.5886590558871203,0.0,0.0,0.0,0.0,0.0,0.0,1.0,2.0,3.0
21.68675435107288,175.9726279838922,0.0,0.0,0.0,0.0,0.0,-0.09516908798628382,3.3660714285714284,2.2946428571428568,2.0,0.0,0.0,0.21046,0.0,0.0,0.0,0.1067702806820139,0.0,0.0,0.1067702806820139,0.0,0.0,0.0,0.0,0.0,1.0,2.0,4.0
21.12847880080466,180.0,0.0,0.0,0.0,0.0,0.0,-0.7433152340046397,3.363142857142857,2.291714285714286,2.0,0.0,0.0,0.239135,0.0,0.0,0.0,2.238582348226491,0.0,0.0,2.238582348226491,0.0,0.0,0.0,0.0,0.0,1.0,2.0,5.0
20.57119685053644,177.44332705630217,0.0,0.0,0.0,0.0,0.0,-0.10328190410405397,3.3550714285714287,2.283642857142857,2.0,0.0,0.0,0.344273,0.0,0.0,0.0,0.0,0.0,0.0,0.0,0.0,0.0,0.0,0.0,0.0,1.0,2.0,6.0
20.55827555026822,92.26384980717408,0.0,0.0,0.0,0.0,0.0,-0.11815050469487905,3.3562142857142856,2.2847857142857144,2.0,0.0,0.0,0.393835,0.0,0.0,0.0,0.0,0.0,0.0,0.0,0.0,0.0,0.0,0.0,0.0,1.0,2.0,7.0
20.0,74.08261393609983,0.0,0.0,0.0,0.0,0.0,-0.26071564124196744,3.411785714285714,2.3403571428571426,2.0,0.0,0.0,0.0,0.0,0.0,0.0,0.24138866395568082,0.0,1.0908765419247128,0.0,0.0,0.0,0.40583900000000006,0.0,0.849487877969032,1.0,2.0,8.0
20.0,27.574964790786037,0.0,0.0,0.0,0.0,0.0,-0.22142157356092965,3.495142857142857,2.4237142857142855,2.0,0.0,0.0,0.0,0.0,0.0,0.0,0.0,0.0,1.0648597650828477,0.0,0.0,0.0,0.41128400000000004,0.0,1.0648597650828477,1.0,2.0,9.0
20.0,26.903735037491515,0.0,0.0,0.0,0.0,0.0,-0.5098563202598692,3.613285714285714,2.5418571428571433,2.0,0.0,0.0,0.0,0.0,0.0,0.0,0.0,0.0,3.0,0.0,0.0,0.0,0.3990420000000001,0.0,3.0,1.0,2.0,10.0
21.24948772116035,26.232505284196993,0.0,0.0,0.0,0.0,0.0,-0.5758864728836716,3.6976428571428572,2.6262142857142856,2.0,0.0,0.0,0.0,0.0,0.0,0.0,0.0,0.0,0.0,3.0,0.0,0.0,0.8392430000000002,0.0,3.0,1.0,2.0,11.0
20.872996870892127,158.17577020311904,0.0,0.0,0.0,0.0,0.0,-0.3275469130155445,3.730785714285714,2.659357142857143,2.0,0.0,0.0,0.0,0.0,0.0,0.0,0.0,0.0,1.7562920000000004,0.0,0.0,0.0,0.427354,0.0,1.7562920000000004,1.0,2.0,12.0
21.20668133618105,138.4948344676332,0.0,0.0,0.0,0.0,0.0,-0.42185721448786057,3.750928571428571,2.6795,2.0,0.0,0.0,0.0,0.0,0.0,0.0,0.0,0.0,2.4022393181650767,0.0,0.0,0.0,0.41014200000000045,0.0,2.402239318165077,1.0,2.0,13.0
22.0,137.8236047143387,0.0,0.0,0.0,0.0,0.0,-0.26049906124782124,3.757,2.685571428571429,2.0,0.0,0.0,0.0,0.0,0.0,0.0,0.0,0.0,1.3132113393101266,0.0,0.0,0.0,0.42344899999999996,0.0,1.3132113393101266,1.0,2.0,14.0
22.0,137.15237496104416,0.0,0.0,0.0,0.0,0.0,-0.21378493658001263,3.7151428571428573,2.6437142857142857,2.0,0.0,0.0,0.0,0.0,0.0,0.0,0.0,0.0,1.0018018538997522,0.0,0.0,0.0,0.4234310000000001,0.0,1.0018018538997522,1.0,2.0,15.0
22.0,128.12318413523957,0.0,0.0,0.0,0.0,0.0,-0.07982310317188501,3.657928571428571,2.5865,2.0,0.0,0.0,0.0,0.0,0.0,0.0,0.0,0.0,0.0,0.0,0.0,0.0,0.532154,0.0,0.0,1.0,2.0,16.0
21.35083209973178,127.45195438194503,0.0,0.0,0.0,0.0,0.0,-0.10578960420370102,3.6557142857142857,2.584285714285714,2.0,0.0,0.0,0.0,0.0,0.0,0.0,0.0,0.0,0.0,0.0,0.0,0.0,0.705264,0.0,0.0,1.0,2.0,17.0
20.610771849463557,118.73691825733772,0.0,0.0,0.0,0.0,0.0,-0.20127300799787046,3.667642857142857,2.596214285714286,2.0,0.0,0.0,0.67091,0.0,0.0,0.0,0.0,0.0,0.0,0.0,0.0,0.0,0.0,0.0,0.0,1.0,2.0,18.0
20.234280999195338,118.0656885040432,0.0,0.0,0.0,0.0,0.0,-0.24471626913824152,3.6718571428571427,2.6004285714285715,2.0,0.0,0.0,0.557523,0.0,0.0,0.0,0.2581978647136368,0.0,0.2581978647136368,0.0,0.0,0.0,0.0,0.0,0.0,1.0,2.0,19.0
20.0,107.42447230958963,0.0,0.0,0.0,0.0,0.0,-1.0407528413558007,3.677,2.6055714285714284,2.0,0.0,0.0,0.469176,0.0,0.0,0.0,3.0,0.0,3.0,0.0,0.0,0.0,0.0,0.0,0.0,1.0,2.0,20.0
21.45994399973178,106.7532425562951,0.0,0.0,0.0,0.0,0.0,-0.12252300486862659,3.6752857142857143,2.6038571428571426,2.0,0.0,0.0,0.40841,0.0,0.0,0.0,0.0,0.0,0.0,0.0,0.0,0.0,0.0,0.0,0.0,1.0,2.0,21.0
21.44702269946356,106.08201280300058,0.0,0.0,0.0,0.0,0.0,-0.5131642011360997,3.6760714285714284,2.6046428571428573,2.0,0.0,0.0,0.354601,0.0,0.0,0.0,1.3559462691492907,0.0,1.3559462691492907,0.0,0.0,0.0,0.0,0.0,0.0,1.0,2.0,22.0
22.0,105.41078304970607,0.0,0.0,0.0,0.0,0.0,-0.08992541387707421,3.670714285714286,2.599285714285714,2.0,0.0,0.0,0.27628400000000003,0.0,0.0,0.0,0.02346736767919816,0.0,0.02346736767919816,0.0,0.0,0.0,0.0,0.0,0.0,1.0,2.0,23.0
22.0,119.56717681884766,0.0,-0.0,0.0,0.0,0.0,-0.2781012464349347,3.6608571428571426,2.5894285714285714,1.0,0.0,0.0,0.241389,0.0,0.0,0.0,0.6856151179472816,0.0,0.685615117947282,0.0,0.0,0.0,0.0,-0.0,0.0,1.0,3.0,0.0
22.0,118.8959470655531,0.0,0.0,0.0,0.0,0.0,-0.06642600263953208,3.6510000000000002,2.5795714285714286,1.0,0.0,0.0,0.22141999999999998,0.0,0.0,0.0,0.0,0.0,0.0,0.0,0.0,0.0,0.0,-0.0,0.0,1.0,3.0,1.0
21.623509149731778,118.22471731225858,0.0,0.0,0.0,0.0,0.0,-0.06196170246213675,3.6583571428571426,2.5869285714285715,1.0,0.0,0.0,0.206539,0.0,0.0,0.0,0.0,0.0,0.0,0.0,0.0,4.007904925270384e-16,0.0,4.440892098500626e-16,0.0,1.0,3.0,2.0
21.247018299463555,117.55348755896406,0.0,0.0,0.0,0.0,0.0,-0.060211802392601974,3.6552857142857142,2.5838571428571426,1.0,0.0,0.0,0.200706,0.0,0.0,0.0,0.0,0.0,0.0,0.0,0.0,4.007904925270384e-16,0.0,4.440892098500626e-16,0.0,1.0,3.0,3.0
20.688742749195335,116.88225780566954,0.0,0.0,0.0,0.0,0.0,-0.06313800250887872,3.6533571428571427,2.5819285714285716,1.0,0.0,0.0,0.21046,0.0,0.0,0.0,0.0,0.0,0.0,0.0,0.0,0.0,0.0,0.0,0.0,1.0,3.0,4.0
20.130467198927114,116.21102805237501,0.0,0.0,0.0,0.0,0.0,-0.30557489318274556,3.6590714285714285,2.5876428571428574,1.0,0.0,0.0,0.239135,0.0,0.0,0.0,0.7794479368009691,0.0,0.7794479368009691,0.0,0.0,0.0,0.0,0.0,0.0,1.0,3.0,5.0
20.0,107.11022660119525,0.0,0.0,0.0,0.0,0.0,-0.6051906219599159,3.6733571428571428,2.601928571428571,1.0,0.0,0.0,0.344273,0.0,0.0,0.0,1.673028993039341,0.0,1.673028993039341,0.0,0.0,0.0,0.0,0.0,0.0,1.0,3.0,6.0
20.0,96.69511894267453,0.0,0.0,0.0,0.0,0.0,-0.4209733646069041,3.6871428571428573,2.6157142857142857,1.0,0.0,0.0,0.393835,0.0,0.0,0.0,1.0094094929297541,0.0,1.0094094929297541,0.0,0.0,0.0,0.0,0.0,0.0,1.0,3.0,7.0
20.0,96.02388918938,0.0,0.0,0.0,0.0,0.0,-0.4186151707671285,3.710857142857143,2.6394285714285717,1.0,0.0,0.0,0.455425,0.0,0.0,0.0,1.0029588471095225,0.0,1.0029588471095225,0.0,0.126,0.0,0.0,0.0,0.0,1.0,3.0,8.0
20.0,44.037912134908524,0.0,0.0,0.0,0.0,0.0,-0.8821924798538328,3.722785714285714,2.6513571428571425,1.0,0.23399999999999999,0.0,0.35202200000000006,0.0,0.0,0.0,2.588619482662182,0.0,2.588619482662182,0.0,0.0,0.0,0.0,0.0,0.0,1.0,3.0,9.0
21.069040494198244,34.827623522436085,0.0,0.0,0.0,0.0,0.0,-0.2722162476958713,3.7312142857142856,2.6597857142857144,1.0,0.0,0.0,0.44866999999999996,0.0,0.0,0.0,0.6472174562632331,0.0,0.0,0.6472174562632331,0.377,0.0,0.0,0.0,0.0,1.0,3.0,10.0
20.692549643930025,20.671229753294522,0.0,0.0,0.0,0.0,0.0,-0.901403435818553,3.7362142857142855,2.6647857142857143,1.0,0.408,0.0,0.0046780000000000155,0.0,0.0,0.0,3.0,0.0,3.0,0.0,0.0,0.0,0.0,0.0,0.0,1.0,3.0,11.0
21.815570522233234,20.0,0.0,0.0,0.0,0.0,0.0,-0.11916085984104212,3.7367142857142857,2.665285714285714,1.0,0.030151149646616138,0.0,0.3972028503533839,0.0,0.0,0.40884885035338386,0.0,0.0,0.0,0.40884885035338386,0.0,0.0,0.0,0.0,0.0,1.0,3.0,12.0
21.257294971965013,20.0,0.0,0.0,0.0,0.0,0.0,-0.06036775585622148,3.7370714285714284,2.665642857142857,1.0,0.410142,0.0,0.0,0.0,0.0,0.11185800000000001,0.20122584485807493,0.0,0.0,0.31308384485807494,0.0,0.0,0.0,0.0,0.0,1.0,3.0,13.0
20.88080412169679,35.334142285052835,0.0,0.0,0.0,0.0,0.0,-0.9679347384622693,3.7277142857142858,2.656285714285714,1.0,0.19699999999999998,0.0,0.22644900000000004,0.0,0.0,0.0,3.0,0.0,3.0,0.0,0.0,0.0,0.0,0.0,0.0,1.0,3.0,14.0
22.0,34.66291253175831,0.0,0.0,0.0,0.0,0.0,-0.9968793396124245,3.7399999999999998,2.668571428571428,1.0,0.0,0.0,0.42343100000000006,0.0,0.0,0.0,3.0,0.0,0.0,3.0,0.201,0.0,0.0,0.0,0.0,1.0,3.0,15.0
21.98707869973178,180.0,0.0,0.0,0.0,0.0,0.0,-0.5644128369074847,3.7205714285714286,2.649142857142857,1.0,0.0,0.0,0.532154,0.0,0.0,0.0,1.3492220482657815,0.0,1.3492220482657815,0.0,0.0,0.0,0.0,0.0,0.0,1.0,3.0,16.0
22.0,179.3287702467055,0.0,0.0,0.0,0.0,0.0,-0.7081769272671538,3.7126428571428574,2.6412142857142857,1.0,0.0,0.0,0.705264,0.0,0.0,0.0,1.6553256637557734,0.0,1.6553256637557734,0.0,0.0,0.0,0.0,0.0,0.0,1.0,3.0,17.0
22.0,170.8947876076025,0.0,0.0,0.0,0.0,0.0,-0.42996602260259525,3.7110714285714286,2.6396428571428574,1.0,0.0,0.0,0.6802279999999999,0.0,0.0,0.0,0.7529920183909375,0.0,0.0,0.7529920183909377,0.0,0.0,0.0,0.0,0.0,1.0,3.0,18.0
21.623509149731778,159.13321230199563,0.0,0.0,0.0,0.0,0.0,-0.16725690664619208,3.698,2.626571428571429,1.0,0.0,0.0,0.557523,0.0,0.0,0.0,0.0,0.0,0.0,0.0,0.0,0.0,0.0,0.0,0.0,1.0,3.0,19.0
21.247018299463555,110.87990553371733,0.0,0.0,0.0,0.0,0.0,-0.16862010670036076,3.6989285714285716,2.6275,1.0,0.0,0.0,0.562067,0.0,0.0,0.0,0.0,0.0,0.0,0.0,0.0,0.0,0.0,0.0,0.0,1.0,3.0,20.0
20.688742749195335,110.20867578042281,0.0,0.0,0.0,0.0,0.0,-0.1571865375150813,3.7064285714285714,2.635,1.0,0.0,0.0,0.40841,0.0,0.0,0.0,0.11554510423016576,0.0,0.11554510423016576,0.0,0.0,0.0,0.0,0.0,0.0,1.0,3.0,21.0
20.37649085026822,109.53744602712828,0.0,0.0,0.0,0.0,0.0,-0.10638030422717333,3.7062142857142857,2.634785714285714,1.0,0.0,0.0,0.354601,0.0,0.0,0.0,0.0,0.0,0.0,0.0,0.0,0.0,0.0,0.0,0.0,1.0,3.0,22.0
20.0,101.34100200770843,0.0,0.0,0.0,0.0,0.0,-0.9828852390563488,3.711642857142857,2.6402142857142854,1.0,0.0,0.0,0.27628400000000003,0.0,0.0,0.0,3.0,0.0,3.0,0.0,0.0,0.0,0.0,0.0,0.0,1.0,3.0,23.0
22.0,104.73955535888672,0.0,-0.0,0.0,0.0,0.0,-0.2781012464349347,3.6608571428571426,2.5894285714285714,2.0,0.0,0.0,0.241389,0.0,0.0,0.0,0.6856151179472816,0.0,0.685615117947282,0.0,0.0,0.0,0.0,0.0,0.0,1.0,3.0,0.0
22.0,104.06832560559216,0.0,0.0,0.0,0.0,0.0,-0.06642600263953208,3.6510000000000002,2.5795714285714286,2.0,0.0,0.0,0.22141999999999998,0.0,0.0,0.0,0.0,0.0,0.0,0.0,0.0,0.0,0.0,0.0,0.0,1.0,3.0,1.0
21.623509149731778,103.39709585229764,0.0,0.0,0.0,0.0,0.0,-0.061961702462136746,3.6583571428571426,2.5869285714285715,2.0,0.0,0.0,0.206539,0.0,0.0,0.0,0.0,0.0,0.0,0.0,0.0,0.0,0.0,0.0,0.0,1.0,3.0,2.0
21.247018299463555,102.72586609900313,0.0,0.0,0.0,0.0,0.0,-0.06021180239260197,3.6552857142857142,2.5838571428571426,2.0,0.0,0.0,0.200706,0.0,0.0,0.0,0.0,0.0,0.0,0.0,0.0,0.0,0.0,0.0,0.0,1.0,3.0,3.0
20.688742749195335,102.0546363457086,0.0,0.0,0.0,0.0,0.0,-0.06313800250887872,3.6533571428571427,2.5819285714285716,2.0,0.0,0.0,0.21046,0.0,0.0,0.0,0.0,0.0,0.0,0.0,0.0,0.0,0.0,0.0,0.0,1.0,3.0,4.0
20.130467198927114,101.38340659241408,0.0,0.0,0.0,0.0,0.0,-0.30557489318274556,3.6590714285714285,2.5876428571428574,2.0,0.0,0.0,0.239135,0.0,0.0,0.0,0.7794479368009691,0.0,0.7794479368009691,0.0,0.0,0.0,0.0,0.0,0.0,1.0,3.0,5.0
20.0,92.28260514123431,0.0,0.0,0.0,0.0,0.0,-0.6051906219599159,3.6733571428571428,2.601928571428571,2.0,0.0,0.0,0.344273,0.0,0.0,0.0,1.673028993039341,0.0,1.673028993039341,0.0,0.0,0.0,0.0,0.0,0.0,1.0,3.0,6.0
20.0,81.86749748271359,0.0,0.0,0.0,0.0,0.0,-0.4209733646069041,3.6871428571428573,2.6157142857142857,2.0,0.0,0.0,0.393835,0.0,0.0,0.0,1.0094094929297541,0.0,1.0094094929297541,0.0,0.0,0.0,0.0,0.0,0.0,1.0,3.0,7.0
20.0,81.19626772941906,0.0,0.0,0.0,0.0,0.0,-0.4186151707671285,3.710857142857143,2.6394285714285717,2.0,0.0,0.0,0.329425,0.0,0.0,0.0,1.0029588471095225,0.0,1.0029588471095225,0.0,0.0,0.0,0.126,0.0,0.0,1.0,3.0,8.0
20.0,29.21029067494743,0.0,0.0,0.0,0.0,0.0,-0.9523924826433301,3.722785714285714,2.6513571428571425,2.0,0.0,0.0,0.586022,0.0,0.0,0.0,2.588619482662182,0.0,2.588619482662182,0.0,0.0,0.0,0.0,0.0,0.0,1.0,3.0,9.0
21.069040494198244,20.00000206247499,0.0,0.0,0.0,0.0,0.0,-0.35942156372401685,3.7312142857142856,2.6597857142857144,2.0,0.0,0.0,0.07166999999999996,0.0,0.0,0.0,0.9379018314729589,0.0,0.0,0.937901831472959,0.0,0.0,0.377,0.0,0.0,1.0,3.0,10.0
20.692549643930025,20.671229753294522,0.0,0.0,0.0,0.0,0.0,-1.023803440682292,3.7362142857142855,2.6647857142857143,2.0,0.0,0.0,0.412678,0.0,0.0,0.0,3.0,0.0,3.0,0.0,0.0,0.0,0.0,0.0,0.0,1.0,3.0,11.0
21.815570522233234,20.0,0.0,0.0,0.0,0.0,0.0,-0.2508608650743299,3.7367142857142857,2.665285714285714,2.0,0.0,0.0,0.427354,0.0,0.0,0.0,0.40884885035338386,0.0,0.0,0.40884885035338386,0.0,0.0,0.0,0.0,0.0,1.0,3.0,12.0
21.257294971965013,20.0,0.0,0.0,0.0,0.0,0.0,-0.2169677620789464,3.7370714285714284,2.665642857142857,2.0,0.0,0.0,0.410142,0.0,0.0,0.0,0.31308384485807494,0.0,0.0,0.31308384485807494,0.0,0.0,0.0,0.0,0.0,1.0,3.0,13.0
20.88080412169679,35.334142285052835,0.0,0.0,0.0,0.0,0.0,-1.0270347408106923,3.7277142857142858,2.656285714285714,2.0,0.0,0.0,0.423449,0.0,0.0,0.0,3.0,0.0,3.0,0.0,0.0,0.0,0.0,0.0,0.0,1.0,3.0,14.0
22.0,34.66291253175831,0.0,0.0,0.0,0.0,0.0,-0.9968793396124244,3.7399999999999998,2.668571428571428,2.0,0.0,0.0,0.22243100000000005,0.0,0.0,0.0,3.0,0.0,0.0,3.0,0.0,0.0,0.201,0.0,0.0,1.0,3.0,15.0
21.98707869973178,180.0,0.0,0.0,0.0,0.0,0.0,-0.16360975267862501,3.7205714285714286,2.649142857142857,2.0,0.0,0.0,0.532154,0.0,0.0,0.0,0.013211820591192693,0.0,0.0,0.013211820591192693,0.0,0.0,0.0,0.0,0.0,1.0,3.0,16.0
21.247018449463557,180.0,0.0,0.0,0.0,0.0,0.0,-1.1115792441701888,3.7126428571428574,2.6412142857142857,2.0,0.0,0.0,0.705264,0.0,0.0,0.0,3.0,0.0,3.0,0.0,0.0,0.0,0.0,0.0,0.0,1.0,3.0,17.0
21.995862784909622,171.56601736089698,0.0,0.0,0.0,0.0,0.0,-0.42598821157656097,3.7110714285714286,2.6396428571428574,2.0,0.0,0.0,0.6802279999999999,0.0,0.0,0.0,0.7397326488310365,0.0,0.0,0.7397326488310365,0.0,0.0,0.0,0.0,0.0,1.0,3.0,18.0
21.6193719346414,159.13321230199563,0.0,0.0,0.0,0.0,0.0,-0.16725690664619208,3.698,2.626571428571429,2.0,0.0,0.0,0.557523,0.0,0.0,0.0,0.0,0.0,0.0,0.0,0.0,0.0,0.0,0.0,0.0,1.0,3.0,19.0
21.242881084373177,110.87990553371733,0.0,0.0,0.0,0.0,0.0,-0.16862010670036076,3.6989285714285716,2.6275,2.0,0.0,0.0,0.562067,0.0,0.0,0.0,0.0,0.0,0.0,0.0,0.0,0.0,0.0,0.0,0.0,1.0,3.0,20.0
20.684605534104957,110.20867578042281,0.0,0.0,0.0,0.0,0.0,-0.15941899130451512,3.7064285714285714,2.635,2.0,0.0,0.0,0.40841,0.0,0.0,0.0,0.12298661656591266,0.0,0.12298661656591266,0.0,0.0,0.0,0.0,0.0,0.0,1.0,3.0,21.0
20.37649085026822,109.53744602712828,0.0,0.0,0.0,0.0,0.0,-0.10638030422717333,3.7062142857142857,2.634785714285714,2.0,0.0,0.0,0.354601,0.0,0.0,0.0,0.0,0.0,0.0,0.0,0.0,0.0,0.0,0.0,0.0,1.0,3.0,22.0
20.0,101.34100200770843,0.0,0.0,0.0,0.0,0.0,-0.9828852390563488,3.711642857142857,2.6402142857142854,2.0,0.0,0.0,0.27628400000000003,0.0,0.0,0.0,3.0,0.0,3.0,0.0,0.0,0.0,0.0,0.0,0.0,1.0,3.0,23.0
21.29374885559082,100.66976928710938,0.0,0.0,0.0,0.0,0.0,-0.5978491677681015,3.7077142857142857,2.636285714285714,1.0,0.0,0.0,0.241389,0.0,0.0,0.0,1.751441480039036,0.0,0.0,1.751441480039036,0.0,0.0,0.0,-0.0,0.0,1.0,4.0,0.0
20.7354733053226,180.0,0.0,0.0,0.0,0.0,0.0,-0.9664260384023182,3.6960714285714285,2.6246428571428573,1.0,0.0,0.0,0.22141999999999998,0.0,0.0,0.0,2.9999999999999973,0.0,2.9999999999999973,0.0,0.0,0.0,0.0,-0.0,0.0,1.0,4.0,1.0
21.658645197911518,179.32877024670546,0.0,0.0,0.0,0.0,0.0,-0.549868475277942,3.6877142857142857,2.616285714285714,1.0,0.0,0.0,0.206539,0.0,0.0,0.0,1.6263558447604427,0.0,1.6263558447604427,0.0,0.0,4.007904925270384e-16,0.0,4.440892098500626e-16,0.0,1.0,4.0,2.0
22.0,178.65754049341095,0.0,0.0,0.0,0.0,0.0,-0.46236383590738206,3.6805,2.6090714285714283,1.0,0.0,0.0,0.200706,0.0,0.0,0.0,1.3405067251156488,0.0,1.3405067251156488,0.0,0.0,4.007904925270384e-16,0.0,4.440892098500626e-16,0.0,1.0,4.0,3.0
22.0,177.9863107401164,0.0,0.0,0.0,0.0,0.0,-0.46728224667083484,3.6623571428571426,2.5909285714285715,1.0,0.0,0.0,0.21046,0.0,0.0,0.0,1.3471474270090247,0.0,1.3471474270090247,0.0,0.0,0.0,0.0,0.0,0.0,1.0,4.0,4.0
22.0,177.3150809868219,0.0,0.0,0.0,0.0,0.0,-0.37696995686939283,3.6580714285714286,2.586642857142857,1.0,0.0,0.0,0.239135,0.0,0.0,0.0,1.0174314729665106,0.0,1.0174314729665106,0.0,0.0,0.0,0.0,0.0,0.0,1.0,4.0,5.0
22.0,176.64385123352736,0.0,0.0,0.0,0.0,0.0,-0.10328190410405397,3.646714285714286,2.575285714285714,1.0,0.0,0.0,0.344273,0.0,0.0,0.0,0.0,0.0,0.0,0.0,0.0,0.0,0.0,0.0,0.0,1.0,4.0,6.0
21.623509149731778,175.97262148023285,0.0,0.0,0.0,0.0,0.0,-0.12039032232349962,3.637785714285714,2.566357142857143,1.0,0.0,0.0,0.30583499999999997,0.0,0.0,0.0,0.09546605846539409,0.0,0.0,0.09546605846539409,0.08800000000000001,0.0,0.08800000000000002,0.0,0.0,1.0,4.0,7.0
21.065233599463557,180.0,0.0,0.0,0.0,0.0,0.0,-0.8251449150240151,3.6530714285714287,2.581642857142857,1.0,0.0,0.0,0.22867800000000005,0.0,0.0,0.0,2.724724440785678,0.0,2.724724440785678,0.0,0.583,0.0,0.17716099999999996,0.0,0.0,1.0,4.0,8.0
22.0,179.32877024670546,0.0,0.0,0.0,0.0,0.0,-0.2854109943952259,3.615428571428571,2.5439999999999996,1.0,0.0,0.0,0.425969,0.0,0.0,0.8290000000000001,0.5254009435133745,0.0,0.0,1.3544009435133746,0.0,0.0,0.0,0.0,0.0,1.0,4.0,9.0
21.80529399973178,180.0,0.0,0.0,0.0,0.0,0.0,-0.257912552088684,3.5319285714285713,2.4605,1.0,0.456949,0.0,0.0,0.0,5.551115123125783e-17,0.0,1.0881829728005348,0.0,1.4212849728005348,0.0,0.7900510000000001,0.0,0.0,0.0,0.33310200000000006,1.0,4.0,10.0
22.0,179.3287702467055,0.0,0.0,0.0,0.0,0.0,-0.0626206306220803,3.4550714285714283,2.383642857142857,1.0,0.490636,0.0,0.0,0.0,0.0,0.16172799999999993,0.45405342711253366,0.0,0.0,0.6157814271125336,0.490636,0.0,0.0,0.0,0.0,1.0,4.0,11.0
21.98707869973178,180.0,0.0,0.0,0.0,0.0,0.0,-0.21774201968781376,3.3827142857142856,2.3112857142857144,1.0,0.0,0.0,0.5756140000000001,0.0,0.0,0.0,0.4091927034517453,0.0,0.4091927034517453,0.0,0.518,0.0,0.0,0.0,0.0,1.0,4.0,12.0
22.0,170.50154286666861,0.0,0.0,0.0,0.0,0.0,-0.3239633651927926,3.3059285714285713,2.2344999999999997,1.0,0.0,0.0,0.0,0.0,0.0,0.0,1.1258068410654853,0.0,1.1258068410654853,0.0,0.502,0.0,0.410142,0.0,0.0,1.0,4.0,13.0
22.0,154.0118251446879,0.0,0.0,0.0,0.0,0.0,-0.20734381026501042,3.237214285714286,2.1657857142857146,1.0,0.423449,0.0,0.0,0.0,0.0,0.0,0.7279215067530266,0.0,0.0,0.7279215067530266,0.07355100000000003,0.0,0.0,0.0,0.0,1.0,4.0,14.0
21.805293999731777,180.0,0.0,0.0,0.0,0.0,0.0,-0.07525229335097192,3.1953571428571426,2.1239285714285714,1.0,0.0,0.0,0.42343100000000006,0.0,0.0,0.10156899999999996,0.03912546786904847,0.0,0.0,0.14069446786904843,0.42343100000000006,0.0,0.0,0.0,0.0,1.0,4.0,15.0
21.792372699463556,180.0,0.0,0.0,0.0,0.0,0.0,-0.4632303969276236,3.1490714285714287,2.077642857142857,1.0,0.0,0.0,0.532154,0.0,0.0,0.0,1.0119472617350072,0.0,0.0,1.0119472617350072,0.0,0.0,0.0,0.0,0.0,1.0,4.0,16.0
21.415854699195336,180.0,0.0,0.0,0.0,0.0,0.0,-1.1115792441701888,3.076142857142857,2.004714285714286,1.0,0.0,0.0,0.705264,0.0,0.0,0.0,3.0,0.0,3.0,0.0,0.0,0.0,0.0,0.0,0.0,1.0,4.0,17.0
21.6970035346414,171.58256796874346,0.0,0.0,0.0,0.0,0.0,-0.9027402638661739,2.9739285714285715,1.9025000000000003,1.0,0.0,0.0,0.67091,0.0,0.0,0.0,2.3382240933150005,0.0,2.3382240933150005,0.0,0.0,0.0,0.0,0.0,0.0,1.0,4.0,18.0
22.0,170.91133821544895,0.0,0.0,0.0,0.0,0.0,-0.6820047164364363,2.8754285714285714,1.8039999999999998,1.0,0.0,0.0,0.557523,0.0,0.0,0.0,1.7158259644533496,0.0,1.7158259644533496,0.0,0.0,0.0,0.0,0.0,0.0,1.0,4.0,19.0
22.0,170.2401084621544,0.0,0.0,0.0,0.0,0.0,-0.7997682939677506,2.797642857142857,1.7262142857142857,1.0,0.0,0.0,0.469176,0.0,0.0,0.0,2.1967182072927174,0.0,2.1967182072927174,0.0,0.0,0.0,0.0,0.0,0.0,1.0,4.0,20.0
22.0,162.04487265628535,0.0,0.0,0.0,0.0,0.0,-0.6645782479081807,2.7305714285714284,1.6591428571428573,1.0,0.0,0.0,0.40841,0.0,0.0,0.0,1.8068507383340495,0.0,1.8068507383340495,0.0,0.0,0.0,0.0,0.0,0.0,1.0,4.0,21.0
22.0,146.80237652258768,0.0,0.0,0.0,0.0,0.0,-0.7969008936646618,2.67,1.5985714285714288,1.0,0.0,0.0,0.354601,0.0,0.0,0.0,2.301735206662222,0.0,2.301735206662222,0.0,0.0,0.0,0.0,0.0,0.0,1.0,4.0,22.0
22.0,67.50206641158522,0.0,0.0,0.0,0.0,0.0,-0.9683858005596051,2.6157857142857144,1.5443571428571428,1.0,0.0,0.0,0.8785120000000001,0.0,0.0,0.0,2.349440540264707,0.0,2.349440540264707,0.0,0.0,0.0,0.0,0.0,0.0,1.0,4.0,23.0
21.29374885559082,100.66976928710938,0.0,0.0,0.0,0.0,0.0,-0.5978491677681015,3.7077142857142857,2.636285714285714,2.0,0.0,0.0,0.241389,0.0,0.0,0.0,1.751441480039036,0.0,0.0,1.751441480039036,0.0,0.0,0.0,0.0,0.0,1.0,4.0,0.0
20.7354733053226,180.0,0.0,0.0,0.0,0.0,0.0,-0.9664260384023182,3.6960714285714285,2.6246428571428573,2.0,0.0,0.0,0.22141999999999998,0.0,0.0,0.0,2.9999999999999973,0.0,2.9999999999999973,0.0,0.0,0.0,0.0,0.0,0.0,1.0,4.0,1.0
21.658645197911518,179.32877024670546,0.0,0.0,0.0,0.0,0.0,-0.549868475277942,3.6877142857142857,2.616285714285714,2.0,0.0,0.0,0.206539,0.0,0.0,0.0,1.6263558447604427,0.0,1.6263558447604427,0.0,0.0,0.0,0.0,0.0,0.0,1.0,4.0,2.0
22.0,178.65754049341095,0.0,0.0,0.0,0.0,0.0,-0.46236383590738206,3.6805,2.6090714285714283,2.0,0.0,0.0,0.200706,0.0,0.0,0.0,1.3405067251156488,0.0,1.3405067251156488,0.0,0.0,0.0,0.0,0.0,0.0,1.0,4.0,3.0
22.0,177.9863107401164,0.0,0.0,0.0,0.0,0.0,-0.46728224667083484,3.6623571428571426,2.5909285714285715,2.0,0.0,0.0,0.21046,0.0,0.0,0.0,1.3471474270090247,0.0,1.3471474270090247,0.0,0.0,0.0,0.0,0.0,0.0,1.0,4.0,4.0
22.0,177.3150809868219,0.0,0.0,0.0,0.0,0.0,-0.37696995686939283,3.6580714285714286,2.586642857142857,2.0,0.0,0.0,0.239135,0.0,0.0,0.0,1.0174314729665106,0.0,1.0174314729665106,0.0,0.0,0.0,0.0,0.0,0.0,1.0,4.0,5.0
22.0,176.64385123352736,0.0,0.0,0.0,0.0,0.0,-0.10328190410405397,3.646714285714286,2.575285714285714,2.0,0.0,0.0,0.344273,0.0,0.0,0.0,0.0,0.0,0.0,0.0,0.0,0.0,0.0,0.0,0.0,1.0,4.0,6.0
21.623509149731778,175.97262148023285,0.0,0.0,0.0,0.0,0.0,-0.1467903233725414,3.637785714285714,2.566357142857143,2.0,0.0,0.0,0.393835,0.0,0.0,0.0,0.09546605846539409,0.0,0.0,0.09546605846539409,0.0,0.0,0.0,0.0,0.0,1.0,4.0,7.0
21.065233599463557,180.0,0.0,0.0,0.0,0.0,0.0,-0.8782932171359388,3.6530714285714287,2.581642857142857,2.0,0.0,0.0,0.0,0.0,0.0,0.0,2.724724440785678,0.0,2.724724440785678,0.0,0.0,0.0,0.405839,0.0,0.0,1.0,4.0,8.0
22.0,179.32877024670546,0.0,0.0,0.0,0.0,0.0,-0.534111004277676,3.615428571428571,2.5439999999999996,2.0,0.0,0.0,0.425969,0.0,0.0,0.0,1.3544009435133746,0.0,0.0,1.3544009435133746,0.0,0.0,0.0,0.0,0.0,1.0,4.0,9.0
21.80529399973178,180.0,0.0,0.0,0.0,0.0,0.0,-0.49492786150682594,3.5319285714285713,2.4605,2.0,0.0,0.0,0.0,0.0,0.0,0.0,1.4212849728005348,0.0,1.4212849728005348,0.0,0.0,0.0,0.456949,0.0,0.0,1.0,4.0,10.0
22.0,179.3287702467055,0.0,0.0,0.0,0.0,0.0,-0.25832983839886514,3.4550714285714283,2.383642857142857,2.0,0.0,0.0,0.0,0.0,0.0,0.0,0.6157814271125336,0.0,0.0,0.6157814271125336,0.0,0.0,0.490636,0.0,0.0,1.0,4.0,11.0
21.98707869973178,180.0,0.0,0.0,0.0,0.0,0.0,-0.21774201968781404,3.3827142857142856,2.3112857142857144,2.0,0.0,0.0,0.057614000000000054,0.0,0.0,0.0,0.40919270345174613,0.0,0.40919270345174613,0.0,0.0,0.0,0.518,0.0,0.0,1.0,4.0,12.0
22.0,170.50154286666861,0.0,0.0,0.0,0.0,0.0,-0.4470059700820665,3.3059285714285713,2.2344999999999997,2.0,0.0,0.0,0.318284,0.0,0.0,0.0,1.125806841065486,0.0,1.125806841065486,0.0,0.0,0.0,0.091858,0.0,0.0,1.0,4.0,13.0
22.0,154.0118251446879,0.0,0.0,0.0,0.0,0.0,-0.3343785153129159,3.237214285714286,2.1657857142857146,2.0,0.0,0.0,0.349898,0.0,0.0,0.0,0.7279215067530266,0.0,0.0,0.7279215067530266,0.0,0.0,0.07355100000000003,0.0,0.0,1.0,4.0,14.0
21.805293999731777,180.0,0.0,0.0,0.0,0.0,0.0,-0.10572299456176873,3.1953571428571426,2.1239285714285714,2.0,0.0,0.0,0.0,0.0,0.0,0.0,0.14069446786904843,0.0,0.0,0.14069446786904843,0.0,0.0,0.42343100000000006,0.0,0.0,1.0,4.0,15.0
21.792372699463556,180.0,0.0,0.0,0.0,0.0,0.0,-0.4632303969276236,3.1490714285714287,2.077642857142857,2.0,0.0,0.0,0.532154,0.0,0.0,0.0,1.0119472617350072,0.0,0.0,1.0119472617350072,0.0,0.0,0.0,0.0,0.0,1.0,4.0,16.0
21.415854699195336,180.0,0.0,0.0,0.0,0.0,0.0,-1.1115792441701888,3.076142857142857,2.004714285714286,2.0,0.0,0.0,0.705264,0.0,0.0,0.0,3.0,0.0,3.0,0.0,0.0,0.0,0.0,0.0,0.0,1.0,4.0,17.0
21.6970035346414,171.58256796874346,0.0,0.0,0.0,0.0,0.0,-0.9027402638661739,2.9739285714285715,1.9025000000000003,2.0,0.0,0.0,0.67091,0.0,0.0,0.0,2.3382240933150005,0.0,2.3382240933150005,0.0,0.0,0.0,0.0,0.0,0.0,1.0,4.0,18.0
22.0,170.91133821544895,0.0,0.0,0.0,0.0,0.0,-0.6820047164364363,2.8754285714285714,1.8039999999999998,2.0,0.0,0.0,0.557523,0.0,0.0,0.0,1.7158259644533496,0.0,1.7158259644533496,0.0,0.0,0.0,0.0,0.0,0.0,1.0,4.0,19.0
22.0,170.2401084621544,0.0,0.0,0.0,0.0,0.0,-0.7997682939677506,2.797642857142857,1.7262142857142857,2.0,0.0,0.0,0.469176,0.0,0.0,0.0,2.1967182072927174,0.0,2.1967182072927174,0.0,0.0,0.0,0.0,0.0,0.0,1.0,4.0,20.0
22.0,162.04487265628535,0.0,0.0,0.0,0.0,0.0,-0.6645782479081808,2.7305714285714284,1.6591428571428573,2.0,0.0,0.0,0.40841,0.0,0.0,0.0,1.8068507383340497,0.0,1.8068507383340497,0.0,0.0,0.0,0.0,0.0,0.0,1.0,4.0,21.0
22.0,146.80237652258768,0.0,0.0,0.0,0.0,0.0,-0.6929840813912826,2.67,1.5985714285714288,2.0,0.0,0.0,0.354601,0.0,0.0,0.0,1.9553458461819013,0.0,0.0,1.9553458461819013,0.0,0.0,0.0,0.0,0.0,1.0,4.0,22.0
21.07815504973178,127.4478694551751,0.0,0.0,0.0,0.0,0.0,-1.163553646235466,2.6157857142857144,1.5443571428571428,2.0,0.0,0.0,0.8785120000000001,0.0,0.0,0.0,3.0,0.0,3.0,0.0,0.0,0.0,0.0,0.0,0.0,1.0,4.0,23.0
